{"cameraMode":{"drawMode":0,"name":"Shaded","section":"Shading Mode"},"sceneLighting":false,"audioPlay":false,"sceneViewState":{"showFog":true,"showMaterialUpdate":false,"showSkybox":true,"showFlares":true,"showImageEffects":true,"showParticleSystems":true},"in2DMode":false,"pivot":{"x":16.073841094970704,"y":1.8263694047927857,"z":-12.246792793273926},"rotation":{"x":-0.20431914925575257,"y":-0.6249068975448608,"z":0.17416740953922273,"w":-0.7330830693244934},"size":321.90625,"orthographic":false}